Issue ID,Description,State,Severity,Story Points,Project Path,Location Kind,Path,Line,Column,Incident ID,Help Link,Assembly Name,Assembly Version,Assembly Public Key,Snippet
NuGet.0002,NuGet package upgrade is recommended,Active,Potential,1,ContosoUniversity\ContosoUniversity.csproj,File,ContosoUniversity\ContosoUniversity.csproj,,,EntityFramework 6.1.3,,,,,"EntityFramework, 6.1.3  Recommendation:  Remove EntityFramework, and replace with new package EntityFramework 6.5.1"
NuGet.0001,NuGet package is incompatible,Active,Mandatory,1,ContosoUniversity\ContosoUniversity.csproj,File,ContosoUniversity\ContosoUniversity.csproj,,,Microsoft.ApplicationInsights 2.1.0,,,,,"Microsoft.ApplicationInsights, 2.1.0  Recommendation:  Microsoft.ApplicationInsights, 3.0.0"
NuGet.0001,NuGet package is incompatible,Active,Mandatory,1,ContosoUniversity\ContosoUniversity.csproj,File,ContosoUniversity\ContosoUniversity.csproj,,,Microsoft.ApplicationInsights.Agent.Intercept 1.2.1,,,,,"Microsoft.ApplicationInsights.Agent.Intercept, 1.2.1  Recommendation:  No supported version found"
NuGet.0001,NuGet package is incompatible,Active,Mandatory,1,ContosoUniversity\ContosoUniversity.csproj,File,ContosoUniversity\ContosoUniversity.csproj,,,Microsoft.ApplicationInsights.DependencyCollector 2.1.0,,,,,"Microsoft.ApplicationInsights.DependencyCollector, 2.1.0  Recommendation:  Microsoft.ApplicationInsights.DependencyCollector, 2.23.0"
NuGet.0001,NuGet package is incompatible,Active,Mandatory,1,ContosoUniversity\ContosoUniversity.csproj,File,ContosoUniversity\ContosoUniversity.csproj,,,Microsoft.ApplicationInsights.PerfCounterCollector 2.1.0,,,,,"Microsoft.ApplicationInsights.PerfCounterCollector, 2.1.0  Recommendation:  Microsoft.ApplicationInsights.PerfCounterCollector, 2.23.0"
NuGet.0001,NuGet package is incompatible,Active,Mandatory,1,ContosoUniversity\ContosoUniversity.csproj,File,ContosoUniversity\ContosoUniversity.csproj,,,Microsoft.ApplicationInsights.Web 2.1.0,,,,,"Microsoft.ApplicationInsights.Web, 2.1.0  Recommendation:  No supported version found"
NuGet.0001,NuGet package is incompatible,Active,Mandatory,1,ContosoUniversity\ContosoUniversity.csproj,File,ContosoUniversity\ContosoUniversity.csproj,,,Microsoft.ApplicationInsights.WindowsServer 2.1.0,,,,,"Microsoft.ApplicationInsights.WindowsServer, 2.1.0  Recommendation:  Microsoft.ApplicationInsights.WindowsServer, 2.23.0"
NuGet.0001,NuGet package is incompatible,Active,Mandatory,1,ContosoUniversity\ContosoUniversity.csproj,File,ContosoUniversity\ContosoUniversity.csproj,,,Microsoft.ApplicationInsights.WindowsServer.TelemetryChannel 2.1.0,,,,,"Microsoft.ApplicationInsights.WindowsServer.TelemetryChannel, 2.1.0  Recommendation:  Microsoft.ApplicationInsights.WindowsServer.TelemetryChannel, 2.23.0"
NuGet.0003,NuGet package functionality is included with framework reference,Active,Mandatory,1,ContosoUniversity\ContosoUniversity.csproj,File,ContosoUniversity\ContosoUniversity.csproj,,,Microsoft.CodeDom.Providers.DotNetCompilerPlatform 1.0.0,,,,,"Microsoft.CodeDom.Providers.DotNetCompilerPlatform, 1.0.0  Recommendation:  Package functionality included with new framework reference"
NuGet.0003,NuGet package functionality is included with framework reference,Active,Mandatory,1,ContosoUniversity\ContosoUniversity.csproj,File,ContosoUniversity\ContosoUniversity.csproj,,,Microsoft.Net.Compilers 1.0.0,,,,,"Microsoft.Net.Compilers, 1.0.0  Recommendation:  Package functionality included with new framework reference"
NuGet.0005,NuGet package is deprecated,Active,Optional,1,ContosoUniversity\ContosoUniversity.csproj,File,ContosoUniversity\ContosoUniversity.csproj,,,EntityFramework 6.1.3,,,,,"EntityFramework, 6.1.3  Recommendation:  Should be replaced. Remove EntityFramework, and replace with new package EntityFramework, 6.5.1"
NuGet.0005,NuGet package is deprecated,Active,Optional,1,ContosoUniversity\ContosoUniversity.csproj,File,ContosoUniversity\ContosoUniversity.csproj,,,Microsoft.ApplicationInsights 2.1.0,,,,,"Microsoft.ApplicationInsights, 2.1.0  Recommendation:  This version is deprecated. Please use the most recent version. Remove Microsoft.ApplicationInsights, and replace with new package Microsoft.ApplicationInsights, 3.0.0"
NuGet.0005,NuGet package is deprecated,Active,Optional,1,ContosoUniversity\ContosoUniversity.csproj,File,ContosoUniversity\ContosoUniversity.csproj,,,Microsoft.ApplicationInsights.DependencyCollector 2.1.0,,,,,"Microsoft.ApplicationInsights.DependencyCollector, 2.1.0  Recommendation:  This version is deprecated. Please use the most recent version. Remove Microsoft.ApplicationInsights.DependencyCollector, and replace with new package Microsoft.ApplicationInsights.DependencyCollector, 2.23.0"
NuGet.0005,NuGet package is deprecated,Active,Optional,1,ContosoUniversity\ContosoUniversity.csproj,File,ContosoUniversity\ContosoUniversity.csproj,,,Microsoft.ApplicationInsights.PerfCounterCollector 2.1.0,,,,,"Microsoft.ApplicationInsights.PerfCounterCollector, 2.1.0  Recommendation:  This version is deprecated. Please use the most recent version. Remove Microsoft.ApplicationInsights.PerfCounterCollector, and replace with new package Microsoft.ApplicationInsights.PerfCounterCollector, 2.23.0"
NuGet.0005,NuGet package is deprecated,Active,Optional,1,ContosoUniversity\ContosoUniversity.csproj,File,ContosoUniversity\ContosoUniversity.csproj,,,Microsoft.ApplicationInsights.Web 2.1.0,,,,,"Microsoft.ApplicationInsights.Web, 2.1.0  Recommendation:  This version is deprecated. Please use the most recent version."
NuGet.0005,NuGet package is deprecated,Active,Optional,1,ContosoUniversity\ContosoUniversity.csproj,File,ContosoUniversity\ContosoUniversity.csproj,,,Microsoft.ApplicationInsights.WindowsServer 2.1.0,,,,,"Microsoft.ApplicationInsights.WindowsServer, 2.1.0  Recommendation:  This version is deprecated. Please use the most recent version. Remove Microsoft.ApplicationInsights.WindowsServer, and replace with new package Microsoft.ApplicationInsights.WindowsServer, 2.23.0"
NuGet.0005,NuGet package is deprecated,Active,Optional,1,ContosoUniversity\ContosoUniversity.csproj,File,ContosoUniversity\ContosoUniversity.csproj,,,Microsoft.ApplicationInsights.WindowsServer.TelemetryChannel 2.1.0,,,,,"Microsoft.ApplicationInsights.WindowsServer.TelemetryChannel, 2.1.0  Recommendation:  This version is deprecated. Please use the most recent version. Remove Microsoft.ApplicationInsights.WindowsServer.TelemetryChannel, and replace with new package Microsoft.ApplicationInsights.WindowsServer.TelemetryChannel, 2.23.0"
Project.0001,Project file needs to be converted to SDK-style,Active,Mandatory,1,ContosoUniversity\ContosoUniversity.csproj,File,ContosoUniversity\ContosoUniversity.csproj,,,,,,,,
Project.0002,Project's target framework(s) needs to be changed,Active,Mandatory,1,ContosoUniversity\ContosoUniversity.csproj,File,ContosoUniversity\ContosoUniversity.csproj,,,,,,,,"Current target framework: .NETFramework,Version=v4.8 Recommended target framework: net10.0"
Feature.0004,Classic EntityFramework initialization needs to be adjusted in .NET Core,Active,Mandatory,1,ContosoUniversity\ContosoUniversity.csproj,File,ContosoUniversity\Models\Model1.Context.cs,,,,,,,,
Feature.1000,Convert application initialization code from Global.asax.cs to .NET Core and clean up Global.asax.cs,Active,Mandatory,1,ContosoUniversity\ContosoUniversity.csproj,File,ContosoUniversity\Global.asax.cs,,,,,,,,
Api.0002,Source incompatible for selected .NET version,Active,Potential,1,ContosoUniversity\ContosoUniversity.csproj,File,ContosoUniversity\BLL\Instructors_Logic.cs,59,16,M:System.Data.SqlClient.SqlConnection.Close,,,,,con.Close();
Api.0001,Binary incompatible for selected .NET version,Active,Mandatory,1,ContosoUniversity\ContosoUniversity.csproj,File,ContosoUniversity\BLL\Instructors_Logic.cs,56,24,M:System.Data.SqlClient.SqlDataReader.Close,,,,,dr.Close();
Api.0002,Source incompatible for selected .NET version,Active,Potential,1,ContosoUniversity\ContosoUniversity.csproj,File,ContosoUniversity\BLL\Instructors_Logic.cs,52,28,P:System.Data.SqlClient.SqlDataReader.Item(System.String),,,,,"instr.Email = dr[""Email""].ToString();"
Api.0002,Source incompatible for selected .NET version,Active,Potential,1,ContosoUniversity\ContosoUniversity.csproj,File,ContosoUniversity\BLL\Instructors_Logic.cs,51,28,P:System.Data.SqlClient.SqlDataReader.Item(System.String),,,,,"instr.BirthDate = DateTime.Parse(dr[""BirthDate""].ToString());"
Api.0002,Source incompatible for selected .NET version,Active,Potential,1,ContosoUniversity\ContosoUniversity.csproj,File,ContosoUniversity\BLL\Instructors_Logic.cs,50,28,P:System.Data.SqlClient.SqlDataReader.Item(System.String),,,,,"instr.LastName = dr[""LastName""].ToString();"
Api.0002,Source incompatible for selected .NET version,Active,Potential,1,ContosoUniversity\ContosoUniversity.csproj,File,ContosoUniversity\BLL\Instructors_Logic.cs,49,28,P:System.Data.SqlClient.SqlDataReader.Item(System.String),,,,,"instr.FirstName = dr[""FirstName""].ToString();"
Api.0002,Source incompatible for selected .NET version,Active,Potential,1,ContosoUniversity\ContosoUniversity.csproj,File,ContosoUniversity\BLL\Instructors_Logic.cs,48,28,P:System.Data.SqlClient.SqlDataReader.Item(System.String),,,,,"instr.InstructorID = Convert.ToInt32(dr[""InstructorID""]);"
Api.0002,Source incompatible for selected .NET version,Active,Potential,1,ContosoUniversity\ContosoUniversity.csproj,File,ContosoUniversity\BLL\Instructors_Logic.cs,44,24,M:System.Data.SqlClient.SqlDataReader.Read,,,,,"while (dr.Read())                          {                              Instructor instr = new Instructor();                                instr.InstructorID = Convert.ToInt32(dr[""InstructorID""]);                              instr.FirstName = dr[""FirstName""].ToString();                              instr.LastName = dr[""LastName""].ToString();                              instr.BirthDate = DateTime.Parse(dr[""BirthDate""].ToString());                              instr.Email = dr[""Email""].ToString();                                list.Add(instr);                          }"
Api.0002,Source incompatible for selected .NET version,Active,Potential,1,ContosoUniversity\ContosoUniversity.csproj,File,ContosoUniversity\BLL\Instructors_Logic.cs,42,20,T:System.Data.SqlClient.SqlDataReader,,,,,"using (SqlDataReader dr = cmd.ExecuteReader())                      {                          while (dr.Read())                          {                              Instructor instr = new Instructor();                                instr.InstructorID = Convert.ToInt32(dr[""InstructorID""]);                              instr.FirstName = dr[""FirstName""].ToString();                              instr.LastName = dr[""LastName""].ToString();                              instr.BirthDate = DateTime.Parse(dr[""BirthDate""].ToString());                              instr.Email = dr[""Email""].ToString();                                list.Add(instr);                          }                          dr.Close();                      }"
Api.0002,Source incompatible for selected .NET version,Active,Potential,1,ContosoUniversity\ContosoUniversity.csproj,File,ContosoUniversity\BLL\Instructors_Logic.cs,42,20,M:System.Data.SqlClient.SqlCommand.ExecuteReader,,,,,"using (SqlDataReader dr = cmd.ExecuteReader())                      {                          while (dr.Read())                          {                              Instructor instr = new Instructor();                                instr.InstructorID = Convert.ToInt32(dr[""InstructorID""]);                              instr.FirstName = dr[""FirstName""].ToString();                              instr.LastName = dr[""LastName""].ToString();                              instr.BirthDate = DateTime.Parse(dr[""BirthDate""].ToString());                              instr.Email = dr[""Email""].ToString();                                list.Add(instr);                          }                          dr.Close();                      }"
Api.0002,Source incompatible for selected .NET version,Active,Potential,1,ContosoUniversity\ContosoUniversity.csproj,File,ContosoUniversity\BLL\Instructors_Logic.cs,40,20,M:System.Data.SqlClient.SqlConnection.Open,,,,,con.Open();
Api.0002,Source incompatible for selected .NET version,Active,Potential,1,ContosoUniversity\ContosoUniversity.csproj,File,ContosoUniversity\BLL\Instructors_Logic.cs,38,16,T:System.Data.SqlClient.SqlCommand,,,,,"using (SqlCommand cmd = new SqlCommand(query, con))                  {                      con.Open();                        using (SqlDataReader dr = cmd.ExecuteReader())                      {                          while (dr.Read())                          {                              Instructor instr = new Instructor();                                instr.InstructorID = Convert.ToInt32(dr[""InstructorID""]);                              instr.FirstName = dr[""FirstName""].ToString();                              instr.LastName = dr[""LastName""].ToString();                              instr.BirthDate = DateTime.Parse(dr[""BirthDate""].ToString());                              instr.Email = dr[""Email""].ToString();                                list.Add(instr);                          }                          dr.Close();                      }                                     }"
Api.0002,Source incompatible for selected .NET version,Active,Potential,1,ContosoUniversity\ContosoUniversity.csproj,File,ContosoUniversity\BLL\Instructors_Logic.cs,38,16,"M:System.Data.SqlClient.SqlCommand.#ctor(System.String,System.Data.SqlClient.SqlConnection)",,,,,"using (SqlCommand cmd = new SqlCommand(query, con))                  {                      con.Open();                        using (SqlDataReader dr = cmd.ExecuteReader())                      {                          while (dr.Read())                          {                              Instructor instr = new Instructor();                                instr.InstructorID = Convert.ToInt32(dr[""InstructorID""]);                              instr.FirstName = dr[""FirstName""].ToString();                              instr.LastName = dr[""LastName""].ToString();                              instr.BirthDate = DateTime.Parse(dr[""BirthDate""].ToString());                              instr.Email = dr[""Email""].ToString();                                list.Add(instr);                          }                          dr.Close();                      }                                     }"
Api.0002,Source incompatible for selected .NET version,Active,Potential,1,ContosoUniversity\ContosoUniversity.csproj,File,ContosoUniversity\BLL\Instructors_Logic.cs,36,12,T:System.Data.SqlClient.SqlConnection,,,,,"using (SqlConnection con = new SqlConnection(connectionStr))              {                  using (SqlCommand cmd = new SqlCommand(query, con))                  {                      con.Open();                        using (SqlDataReader dr = cmd.ExecuteReader())                      {                          while (dr.Read())                          {                              Instructor instr = new Instructor();                                instr.InstructorID = Convert.ToInt32(dr[""InstructorID""]);                              instr.FirstName = dr[""FirstName""].ToString();                              instr.LastName = dr[""LastName""].ToString();                              instr.BirthDate = DateTime.Parse(dr[""BirthDate""].ToString());                              instr.Email = dr[""Email""].ToString();                                list.Add(instr);                          }                          dr.Close();                      }                                     }                  con.Close();              }"
Api.0002,Source incompatible for selected .NET version,Active,Potential,1,ContosoUniversity\ContosoUniversity.csproj,File,ContosoUniversity\BLL\Instructors_Logic.cs,36,12,M:System.Data.SqlClient.SqlConnection.#ctor(System.String),,,,,"using (SqlConnection con = new SqlConnection(connectionStr))              {                  using (SqlCommand cmd = new SqlCommand(query, con))                  {                      con.Open();                        using (SqlDataReader dr = cmd.ExecuteReader())                      {                          while (dr.Read())                          {                              Instructor instr = new Instructor();                                instr.InstructorID = Convert.ToInt32(dr[""InstructorID""]);                              instr.FirstName = dr[""FirstName""].ToString();                              instr.LastName = dr[""LastName""].ToString();                              instr.BirthDate = DateTime.Parse(dr[""BirthDate""].ToString());                              instr.Email = dr[""Email""].ToString();                                list.Add(instr);                          }                          dr.Close();                      }                                     }                  con.Close();              }"
Api.0002,Source incompatible for selected .NET version,Active,Potential,1,ContosoUniversity\ContosoUniversity.csproj,File,ContosoUniversity\BLL\Instructors_Logic.cs,29,12,T:System.Configuration.ConfigurationManager,,,,,"string connectionStr = ConfigurationManager.ConnectionStrings[""ContosoUniversity""].ConnectionString;"
Api.0002,Source incompatible for selected .NET version,Active,Potential,1,ContosoUniversity\ContosoUniversity.csproj,File,ContosoUniversity\BLL\Instructors_Logic.cs,29,12,T:System.Configuration.ConnectionStringSettingsCollection,,,,,"string connectionStr = ConfigurationManager.ConnectionStrings[""ContosoUniversity""].ConnectionString;"
Api.0002,Source incompatible for selected .NET version,Active,Potential,1,ContosoUniversity\ContosoUniversity.csproj,File,ContosoUniversity\BLL\Instructors_Logic.cs,29,12,P:System.Configuration.ConfigurationManager.ConnectionStrings,,,,,"string connectionStr = ConfigurationManager.ConnectionStrings[""ContosoUniversity""].ConnectionString;"
Api.0002,Source incompatible for selected .NET version,Active,Potential,1,ContosoUniversity\ContosoUniversity.csproj,File,ContosoUniversity\BLL\Instructors_Logic.cs,29,12,T:System.Configuration.ConnectionStringSettings,,,,,"string connectionStr = ConfigurationManager.ConnectionStrings[""ContosoUniversity""].ConnectionString;"
Api.0002,Source incompatible for selected .NET version,Active,Potential,1,ContosoUniversity\ContosoUniversity.csproj,File,ContosoUniversity\BLL\Instructors_Logic.cs,29,12,P:System.Configuration.ConnectionStringSettingsCollection.Item(System.String),,,,,"string connectionStr = ConfigurationManager.ConnectionStrings[""ContosoUniversity""].ConnectionString;"
Api.0002,Source incompatible for selected .NET version,Active,Potential,1,ContosoUniversity\ContosoUniversity.csproj,File,ContosoUniversity\BLL\Instructors_Logic.cs,29,12,P:System.Configuration.ConnectionStringSettings.ConnectionString,,,,,"string connectionStr = ConfigurationManager.ConnectionStrings[""ContosoUniversity""].ConnectionString;"
Api.0001,Binary incompatible for selected .NET version,Active,Mandatory,1,ContosoUniversity\ContosoUniversity.csproj,File,ContosoUniversity\Students.aspx.designer.cs,138,64,T:System.Web.UI.WebControls.DetailsView,,,,,studentData
Api.0001,Binary incompatible for selected .NET version,Active,Mandatory,1,ContosoUniversity\ContosoUniversity.csproj,File,ContosoUniversity\Students.aspx.designer.cs,129,59,T:System.Web.UI.WebControls.Button,,,,,btnSearch
Api.0001,Binary incompatible for selected .NET version,Active,Mandatory,1,ContosoUniversity\ContosoUniversity.csproj,File,ContosoUniversity\Students.aspx.designer.cs,111,60,T:System.Web.UI.WebControls.TextBox,,,,,txtSearch
Api.0001,Binary incompatible for selected .NET version,Active,Mandatory,1,ContosoUniversity\ContosoUniversity.csproj,File,ContosoUniversity\Students.aspx.designer.cs,102,59,T:System.Web.UI.WebControls.Button,,,,,btnClear
Api.0001,Binary incompatible for selected .NET version,Active,Mandatory,1,ContosoUniversity\ContosoUniversity.csproj,File,ContosoUniversity\Students.aspx.designer.cs,93,59,T:System.Web.UI.WebControls.Button,,,,,btnInsert
Api.0001,Binary incompatible for selected .NET version,Active,Mandatory,1,ContosoUniversity\ContosoUniversity.csproj,File,ContosoUniversity\Students.aspx.designer.cs,84,65,T:System.Web.UI.WebControls.DropDownList,,,,,dropListCourses
Api.0001,Binary incompatible for selected .NET version,Active,Mandatory,1,ContosoUniversity\ContosoUniversity.csproj,File,ContosoUniversity\Students.aspx.designer.cs,75,60,T:System.Web.UI.WebControls.TextBox,,,,,txtEmail
Api.0001,Binary incompatible for selected .NET version,Active,Mandatory,1,ContosoUniversity\ContosoUniversity.csproj,File,ContosoUniversity\Students.aspx.designer.cs,66,60,T:System.Web.UI.WebControls.TextBox,,,,,txtBirthDate
Api.0001,Binary incompatible for selected .NET version,Active,Mandatory,1,ContosoUniversity\ContosoUniversity.csproj,File,ContosoUniversity\Students.aspx.designer.cs,57,60,T:System.Web.UI.WebControls.TextBox,,,,,txtLastName
Api.0001,Binary incompatible for selected .NET version,Active,Mandatory,1,ContosoUniversity\ContosoUniversity.csproj,File,ContosoUniversity\Students.aspx.designer.cs,48,60,T:System.Web.UI.WebControls.TextBox,,,,,txtFirstName
Api.0001,Binary incompatible for selected .NET version,Active,Mandatory,1,ContosoUniversity\ContosoUniversity.csproj,File,ContosoUniversity\Students.aspx.designer.cs,39,58,T:System.Web.UI.WebControls.Table,,,,,tabAddStud
Api.0001,Binary incompatible for selected .NET version,Active,Mandatory,1,ContosoUniversity\ContosoUniversity.csproj,File,ContosoUniversity\Students.aspx.designer.cs,30,61,T:System.Web.UI.WebControls.GridView,,,,,grv
Api.0001,Binary incompatible for selected .NET version,Active,Mandatory,1,ContosoUniversity\ContosoUniversity.csproj,File,ContosoUniversity\Students.aspx.designer.cs,21,54,T:System.Web.UI.ScriptManager,,,,,ScriptManager2
Api.0001,Binary incompatible for selected .NET version,Active,Mandatory,1,ContosoUniversity\ContosoUniversity.csproj,File,ContosoUniversity\Students.aspx.cs,175,12,T:System.Web.UI.WebControls.GridView,,,,,this.grv.DataBind();
Api.0001,Binary incompatible for selected .NET version,Active,Mandatory,1,ContosoUniversity\ContosoUniversity.csproj,File,ContosoUniversity\Students.aspx.cs,175,12,M:System.Web.UI.WebControls.GridView.DataBind,,,,,this.grv.DataBind();
Api.0001,Binary incompatible for selected .NET version,Active,Mandatory,1,ContosoUniversity\ContosoUniversity.csproj,File,ContosoUniversity\Students.aspx.cs,168,12,T:System.Web.UI.WebControls.TextBox,,,,,this.txtSearch.Text = string.Empty;
Api.0001,Binary incompatible for selected .NET version,Active,Mandatory,1,ContosoUniversity\ContosoUniversity.csproj,File,ContosoUniversity\Students.aspx.cs,168,12,P:System.Web.UI.WebControls.TextBox.Text,,,,,this.txtSearch.Text = string.Empty;
Api.0001,Binary incompatible for selected .NET version,Active,Mandatory,1,ContosoUniversity\ContosoUniversity.csproj,File,ContosoUniversity\Students.aspx.cs,167,12,T:System.Web.UI.WebControls.DetailsView,,,,,this.studentData.DataBind();
Api.0001,Binary incompatible for selected .NET version,Active,Mandatory,1,ContosoUniversity\ContosoUniversity.csproj,File,ContosoUniversity\Students.aspx.cs,167,12,M:System.Web.UI.WebControls.DetailsView.DataBind,,,,,this.studentData.DataBind();
Api.0001,Binary incompatible for selected .NET version,Active,Mandatory,1,ContosoUniversity\ContosoUniversity.csproj,File,ContosoUniversity\Students.aspx.cs,166,12,T:System.Web.UI.WebControls.TextBox,,,,,this.studentData.DataSource = studLogic.GetStudents(this.txtSearch.Text);
Api.0001,Binary incompatible for selected .NET version,Active,Mandatory,1,ContosoUniversity\ContosoUniversity.csproj,File,ContosoUniversity\Students.aspx.cs,166,12,P:System.Web.UI.WebControls.TextBox.Text,,,,,this.studentData.DataSource = studLogic.GetStudents(this.txtSearch.Text);
Api.0001,Binary incompatible for selected .NET version,Active,Mandatory,1,ContosoUniversity\ContosoUniversity.csproj,File,ContosoUniversity\Students.aspx.cs,166,12,T:System.Web.UI.WebControls.DetailsView,,,,,this.studentData.DataSource = studLogic.GetStudents(this.txtSearch.Text);
Api.0001,Binary incompatible for selected .NET version,Active,Mandatory,1,ContosoUniversity\ContosoUniversity.csproj,File,ContosoUniversity\Students.aspx.cs,166,12,P:System.Web.UI.WebControls.BaseDataBoundControl.DataSource,,,,,this.studentData.DataSource = studLogic.GetStudents(this.txtSearch.Text);
Api.0002,Source incompatible for selected .NET version,Active,Potential,1,ContosoUniversity\ContosoUniversity.csproj,File,ContosoUniversity\Students.aspx.cs,155,20,M:System.Data.SqlClient.SqlConnection.Close,,,,,con.Close();
Api.0001,Binary incompatible for selected .NET version,Active,Mandatory,1,ContosoUniversity\ContosoUniversity.csproj,File,ContosoUniversity\Students.aspx.cs,152,24,M:System.Data.SqlClient.SqlDataReader.Close,,,,,dr.Close();
Api.0002,Source incompatible for selected .NET version,Active,Potential,1,ContosoUniversity\ContosoUniversity.csproj,File,ContosoUniversity\Students.aspx.cs,148,28,P:System.Data.SqlClient.SqlDataReader.Item(System.String),,,,,"fullName = string.Format(""{0} {1}"", dr[""FirstName""].ToString(), dr[""LastName""].ToString());"
Api.0002,Source incompatible for selected .NET version,Active,Potential,1,ContosoUniversity\ContosoUniversity.csproj,File,ContosoUniversity\Students.aspx.cs,148,28,P:System.Data.SqlClient.SqlDataReader.Item(System.String),,,,,"fullName = string.Format(""{0} {1}"", dr[""FirstName""].ToString(), dr[""LastName""].ToString());"
Api.0002,Source incompatible for selected .NET version,Active,Potential,1,ContosoUniversity\ContosoUniversity.csproj,File,ContosoUniversity\Students.aspx.cs,146,24,M:System.Data.SqlClient.SqlDataReader.Read,,,,,"while (dr.Read())                          {                              fullName = string.Format(""{0} {1}"", dr[""FirstName""].ToString(), dr[""LastName""].ToString());                              students.Add(fullName);                          }"
Api.0002,Source incompatible for selected .NET version,Active,Potential,1,ContosoUniversity\ContosoUniversity.csproj,File,ContosoUniversity\Students.aspx.cs,144,20,T:System.Data.SqlClient.SqlDataReader,,,,,"using (SqlDataReader dr = cmd.ExecuteReader())                      {                          while (dr.Read())                          {                              fullName = string.Format(""{0} {1}"", dr[""FirstName""].ToString(), dr[""LastName""].ToString());                              students.Add(fullName);                          }                            dr.Close();                      }"
Api.0002,Source incompatible for selected .NET version,Active,Potential,1,ContosoUniversity\ContosoUniversity.csproj,File,ContosoUniversity\Students.aspx.cs,144,20,M:System.Data.SqlClient.SqlCommand.ExecuteReader,,,,,"using (SqlDataReader dr = cmd.ExecuteReader())                      {                          while (dr.Read())                          {                              fullName = string.Format(""{0} {1}"", dr[""FirstName""].ToString(), dr[""LastName""].ToString());                              students.Add(fullName);                          }                            dr.Close();                      }"
Api.0002,Source incompatible for selected .NET version,Active,Potential,1,ContosoUniversity\ContosoUniversity.csproj,File,ContosoUniversity\Students.aspx.cs,142,20,M:System.Data.SqlClient.SqlConnection.Open,,,,,con.Open();
Api.0002,Source incompatible for selected .NET version,Active,Potential,1,ContosoUniversity\ContosoUniversity.csproj,File,ContosoUniversity\Students.aspx.cs,140,20,T:System.Data.SqlClient.SqlParameterCollection,,,,,cmd.Parameters.Add(param);
Api.0002,Source incompatible for selected .NET version,Active,Potential,1,ContosoUniversity\ContosoUniversity.csproj,File,ContosoUniversity\Students.aspx.cs,140,20,P:System.Data.SqlClient.SqlCommand.Parameters,,,,,cmd.Parameters.Add(param);
Api.0002,Source incompatible for selected .NET version,Active,Potential,1,ContosoUniversity\ContosoUniversity.csproj,File,ContosoUniversity\Students.aspx.cs,140,20,T:System.Data.SqlClient.SqlParameter,,,,,cmd.Parameters.Add(param);
Api.0002,Source incompatible for selected .NET version,Active,Potential,1,ContosoUniversity\ContosoUniversity.csproj,File,ContosoUniversity\Students.aspx.cs,140,20,M:System.Data.SqlClient.SqlParameterCollection.Add(System.Data.SqlClient.SqlParameter),,,,,cmd.Parameters.Add(param);
Api.0002,Source incompatible for selected .NET version,Active,Potential,1,ContosoUniversity\ContosoUniversity.csproj,File,ContosoUniversity\Students.aspx.cs,138,20,P:System.Data.SqlClient.SqlParameter.Direction,,,,,param.Direction = ParameterDirection.Input;
Api.0002,Source incompatible for selected .NET version,Active,Potential,1,ContosoUniversity\ContosoUniversity.csproj,File,ContosoUniversity\Students.aspx.cs,137,20,P:System.Data.SqlClient.SqlParameter.Size,,,,,param.Size = 30;
Api.0002,Source incompatible for selected .NET version,Active,Potential,1,ContosoUniversity\ContosoUniversity.csproj,File,ContosoUniversity\Students.aspx.cs,136,20,P:System.Data.SqlClient.SqlParameter.SqlDbType,,,,,param.SqlDbType = SqlDbType.NVarChar;
Api.0002,Source incompatible for selected .NET version,Active,Potential,1,ContosoUniversity\ContosoUniversity.csproj,File,ContosoUniversity\Students.aspx.cs,135,20,P:System.Data.SqlClient.SqlParameter.Value,,,,,param.Value = prefixText;
Api.0002,Source incompatible for selected .NET version,Active,Potential,1,ContosoUniversity\ContosoUniversity.csproj,File,ContosoUniversity\Students.aspx.cs,134,20,P:System.Data.SqlClient.SqlParameter.ParameterName,,,,,"param.ParameterName = ""@SearchText"";"
Api.0002,Source incompatible for selected .NET version,Active,Potential,1,ContosoUniversity\ContosoUniversity.csproj,File,ContosoUniversity\Students.aspx.cs,133,20,T:System.Data.SqlClient.SqlParameter,,,,,SqlParameter param = new SqlParameter();
Api.0002,Source incompatible for selected .NET version,Active,Potential,1,ContosoUniversity\ContosoUniversity.csproj,File,ContosoUniversity\Students.aspx.cs,133,20,M:System.Data.SqlClient.SqlParameter.#ctor,,,,,SqlParameter param = new SqlParameter();
Api.0002,Source incompatible for selected .NET version,Active,Potential,1,ContosoUniversity\ContosoUniversity.csproj,File,ContosoUniversity\Students.aspx.cs,131,16,T:System.Data.SqlClient.SqlCommand,,,,,"using (SqlCommand cmd = new SqlCommand(sqlQuery, con))                  {                      SqlParameter param = new SqlParameter();                      param.ParameterName = ""@SearchText"";                      param.Value = prefixText;                      param.SqlDbType = SqlDbType.NVarChar;                      param.Size = 30;                      param.Direction = ParameterDirection.Input;                        cmd.Parameters.Add(param);                        con.Open();                        using (SqlDataReader dr = cmd.ExecuteReader())                      {                          while (dr.Read())                          {                              fullName = string.Format(""{0} {1}"", dr[""FirstName""].ToString(), dr[""LastName""].ToString());                              students.Add(fullName);                          }                            dr.Close();                      }                        con.Close();                  }"
Api.0002,Source incompatible for selected .NET version,Active,Potential,1,ContosoUniversity\ContosoUniversity.csproj,File,ContosoUniversity\Students.aspx.cs,131,16,"M:System.Data.SqlClient.SqlCommand.#ctor(System.String,System.Data.SqlClient.SqlConnection)",,,,,"using (SqlCommand cmd = new SqlCommand(sqlQuery, con))                  {                      SqlParameter param = new SqlParameter();                      param.ParameterName = ""@SearchText"";                      param.Value = prefixText;                      param.SqlDbType = SqlDbType.NVarChar;                      param.Size = 30;                      param.Direction = ParameterDirection.Input;                        cmd.Parameters.Add(param);                        con.Open();                        using (SqlDataReader dr = cmd.ExecuteReader())                      {                          while (dr.Read())                          {                              fullName = string.Format(""{0} {1}"", dr[""FirstName""].ToString(), dr[""LastName""].ToString());                              students.Add(fullName);                          }                            dr.Close();                      }                        con.Close();                  }"
Api.0002,Source incompatible for selected .NET version,Active,Potential,1,ContosoUniversity\ContosoUniversity.csproj,File,ContosoUniversity\Students.aspx.cs,129,12,T:System.Data.SqlClient.SqlConnection,,,,,"using (SqlConnection con = new SqlConnection(conString))              {                  using (SqlCommand cmd = new SqlCommand(sqlQuery, con))                  {                      SqlParameter param = new SqlParameter();                      param.ParameterName = ""@SearchText"";                      param.Value = prefixText;                      param.SqlDbType = SqlDbType.NVarChar;                      param.Size = 30;                      param.Direction = ParameterDirection.Input;                        cmd.Parameters.Add(param);                        con.Open();                        using (SqlDataReader dr = cmd.ExecuteReader())                      {                          while (dr.Read())                          {                              fullName = string.Format(""{0} {1}"", dr[""FirstName""].ToString(), dr[""LastName""].ToString());                              students.Add(fullName);                          }                            dr.Close();                      }                        con.Close();                  }              }"
Api.0002,Source incompatible for selected .NET version,Active,Potential,1,ContosoUniversity\ContosoUniversity.csproj,File,ContosoUniversity\Students.aspx.cs,129,12,M:System.Data.SqlClient.SqlConnection.#ctor(System.String),,,,,"using (SqlConnection con = new SqlConnection(conString))              {                  using (SqlCommand cmd = new SqlCommand(sqlQuery, con))                  {                      SqlParameter param = new SqlParameter();                      param.ParameterName = ""@SearchText"";                      param.Value = prefixText;                      param.SqlDbType = SqlDbType.NVarChar;                      param.Size = 30;                      param.Direction = ParameterDirection.Input;                        cmd.Parameters.Add(param);                        con.Open();                        using (SqlDataReader dr = cmd.ExecuteReader())                      {                          while (dr.Read())                          {                              fullName = string.Format(""{0} {1}"", dr[""FirstName""].ToString(), dr[""LastName""].ToString());                              students.Add(fullName);                          }                            dr.Close();                      }                        con.Close();                  }              }"
Api.0002,Source incompatible for selected .NET version,Active,Potential,1,ContosoUniversity\ContosoUniversity.csproj,File,ContosoUniversity\Students.aspx.cs,124,12,T:System.Configuration.ConfigurationManager,,,,,"string conString = ConfigurationManager.ConnectionStrings[""ContosoUniversity""].ConnectionString;"
Api.0002,Source incompatible for selected .NET version,Active,Potential,1,ContosoUniversity\ContosoUniversity.csproj,File,ContosoUniversity\Students.aspx.cs,124,12,T:System.Configuration.ConnectionStringSettingsCollection,,,,,"string conString = ConfigurationManager.ConnectionStrings[""ContosoUniversity""].ConnectionString;"
Api.0002,Source incompatible for selected .NET version,Active,Potential,1,ContosoUniversity\ContosoUniversity.csproj,File,ContosoUniversity\Students.aspx.cs,124,12,P:System.Configuration.ConfigurationManager.ConnectionStrings,,,,,"string conString = ConfigurationManager.ConnectionStrings[""ContosoUniversity""].ConnectionString;"
Api.0002,Source incompatible for selected .NET version,Active,Potential,1,ContosoUniversity\ContosoUniversity.csproj,File,ContosoUniversity\Students.aspx.cs,124,12,T:System.Configuration.ConnectionStringSettings,,,,,"string conString = ConfigurationManager.ConnectionStrings[""ContosoUniversity""].ConnectionString;"
Api.0002,Source incompatible for selected .NET version,Active,Potential,1,ContosoUniversity\ContosoUniversity.csproj,File,ContosoUniversity\Students.aspx.cs,124,12,P:System.Configuration.ConnectionStringSettingsCollection.Item(System.String),,,,,"string conString = ConfigurationManager.ConnectionStrings[""ContosoUniversity""].ConnectionString;"
Api.0002,Source incompatible for selected .NET version,Active,Potential,1,ContosoUniversity\ContosoUniversity.csproj,File,ContosoUniversity\Students.aspx.cs,124,12,P:System.Configuration.ConnectionStringSettings.ConnectionString,,,,,"string conString = ConfigurationManager.ConnectionStrings[""ContosoUniversity""].ConnectionString;"
Api.0001,Binary incompatible for selected .NET version,Active,Mandatory,1,ContosoUniversity\ContosoUniversity.csproj,File,ContosoUniversity\Students.aspx.cs,112,20,T:System.Web.UI.WebControls.TableCellCollection,,,,,(row.Cells[1].Controls[0] as DropDownList).ClearSelection();
Api.0001,Binary incompatible for selected .NET version,Active,Mandatory,1,ContosoUniversity\ContosoUniversity.csproj,File,ContosoUniversity\Students.aspx.cs,112,20,P:System.Web.UI.WebControls.TableRow.Cells,,,,,(row.Cells[1].Controls[0] as DropDownList).ClearSelection();
Api.0001,Binary incompatible for selected .NET version,Active,Mandatory,1,ContosoUniversity\ContosoUniversity.csproj,File,ContosoUniversity\Students.aspx.cs,112,20,T:System.Web.UI.WebControls.TableCell,,,,,(row.Cells[1].Controls[0] as DropDownList).ClearSelection();
Api.0001,Binary incompatible for selected .NET version,Active,Mandatory,1,ContosoUniversity\ContosoUniversity.csproj,File,ContosoUniversity\Students.aspx.cs,112,20,P:System.Web.UI.WebControls.TableCellCollection.Item(System.Int32),,,,,(row.Cells[1].Controls[0] as DropDownList).ClearSelection();
Api.0001,Binary incompatible for selected .NET version,Active,Mandatory,1,ContosoUniversity\ContosoUniversity.csproj,File,ContosoUniversity\Students.aspx.cs,112,20,T:System.Web.UI.ControlCollection,,,,,(row.Cells[1].Controls[0] as DropDownList).ClearSelection();
Api.0001,Binary incompatible for selected .NET version,Active,Mandatory,1,ContosoUniversity\ContosoUniversity.csproj,File,ContosoUniversity\Students.aspx.cs,112,20,P:System.Web.UI.Control.Controls,,,,,(row.Cells[1].Controls[0] as DropDownList).ClearSelection();
Api.0001,Binary incompatible for selected .NET version,Active,Mandatory,1,ContosoUniversity\ContosoUniversity.csproj,File,ContosoUniversity\Students.aspx.cs,112,20,T:System.Web.UI.Control,,,,,(row.Cells[1].Controls[0] as DropDownList).ClearSelection();
Api.0001,Binary incompatible for selected .NET version,Active,Mandatory,1,ContosoUniversity\ContosoUniversity.csproj,File,ContosoUniversity\Students.aspx.cs,112,20,P:System.Web.UI.ControlCollection.Item(System.Int32),,,,,(row.Cells[1].Controls[0] as DropDownList).ClearSelection();
Api.0001,Binary incompatible for selected .NET version,Active,Mandatory,1,ContosoUniversity\ContosoUniversity.csproj,File,ContosoUniversity\Students.aspx.cs,112,20,M:System.Web.UI.WebControls.ListControl.ClearSelection,,,,,(row.Cells[1].Controls[0] as DropDownList).ClearSelection();
Api.0001,Binary incompatible for selected .NET version,Active,Mandatory,1,ContosoUniversity\ContosoUniversity.csproj,File,ContosoUniversity\Students.aspx.cs,110,21,T:System.Web.UI.WebControls.TableCellCollection,,,,,if (row.Cells[1].Controls[0] is DropDownList)                  {                      (row.Cells[1].Controls[0] as DropDownList).ClearSelection();                  }
Api.0001,Binary incompatible for selected .NET version,Active,Mandatory,1,ContosoUniversity\ContosoUniversity.csproj,File,ContosoUniversity\Students.aspx.cs,110,21,P:System.Web.UI.WebControls.TableRow.Cells,,,,,if (row.Cells[1].Controls[0] is DropDownList)                  {                      (row.Cells[1].Controls[0] as DropDownList).ClearSelection();                  }
Api.0001,Binary incompatible for selected .NET version,Active,Mandatory,1,ContosoUniversity\ContosoUniversity.csproj,File,ContosoUniversity\Students.aspx.cs,110,21,T:System.Web.UI.WebControls.TableCell,,,,,if (row.Cells[1].Controls[0] is DropDownList)                  {                      (row.Cells[1].Controls[0] as DropDownList).ClearSelection();                  }
Api.0001,Binary incompatible for selected .NET version,Active,Mandatory,1,ContosoUniversity\ContosoUniversity.csproj,File,ContosoUniversity\Students.aspx.cs,110,21,P:System.Web.UI.WebControls.TableCellCollection.Item(System.Int32),,,,,if (row.Cells[1].Controls[0] is DropDownList)                  {                      (row.Cells[1].Controls[0] as DropDownList).ClearSelection();                  }
Api.0001,Binary incompatible for selected .NET version,Active,Mandatory,1,ContosoUniversity\ContosoUniversity.csproj,File,ContosoUniversity\Students.aspx.cs,110,21,T:System.Web.UI.ControlCollection,,,,,if (row.Cells[1].Controls[0] is DropDownList)                  {                      (row.Cells[1].Controls[0] as DropDownList).ClearSelection();                  }
Api.0001,Binary incompatible for selected .NET version,Active,Mandatory,1,ContosoUniversity\ContosoUniversity.csproj,File,ContosoUniversity\Students.aspx.cs,110,21,P:System.Web.UI.Control.Controls,,,,,if (row.Cells[1].Controls[0] is DropDownList)                  {                      (row.Cells[1].Controls[0] as DropDownList).ClearSelection();                  }
Api.0001,Binary incompatible for selected .NET version,Active,Mandatory,1,ContosoUniversity\ContosoUniversity.csproj,File,ContosoUniversity\Students.aspx.cs,110,21,T:System.Web.UI.Control,,,,,if (row.Cells[1].Controls[0] is DropDownList)                  {                      (row.Cells[1].Controls[0] as DropDownList).ClearSelection();                  }
Api.0001,Binary incompatible for selected .NET version,Active,Mandatory,1,ContosoUniversity\ContosoUniversity.csproj,File,ContosoUniversity\Students.aspx.cs,110,21,P:System.Web.UI.ControlCollection.Item(System.Int32),,,,,if (row.Cells[1].Controls[0] is DropDownList)                  {                      (row.Cells[1].Controls[0] as DropDownList).ClearSelection();                  }
Api.0001,Binary incompatible for selected .NET version,Active,Mandatory,1,ContosoUniversity\ContosoUniversity.csproj,File,ContosoUniversity\Students.aspx.cs,108,20,T:System.Web.UI.WebControls.TableCellCollection,,,,,(row.Cells[1].Controls[0] as TextBox).Text = string.Empty;
Api.0001,Binary incompatible for selected .NET version,Active,Mandatory,1,ContosoUniversity\ContosoUniversity.csproj,File,ContosoUniversity\Students.aspx.cs,108,20,P:System.Web.UI.WebControls.TableRow.Cells,,,,,(row.Cells[1].Controls[0] as TextBox).Text = string.Empty;
Api.0001,Binary incompatible for selected .NET version,Active,Mandatory,1,ContosoUniversity\ContosoUniversity.csproj,File,ContosoUniversity\Students.aspx.cs,108,20,T:System.Web.UI.WebControls.TableCell,,,,,(row.Cells[1].Controls[0] as TextBox).Text = string.Empty;
Api.0001,Binary incompatible for selected .NET version,Active,Mandatory,1,ContosoUniversity\ContosoUniversity.csproj,File,ContosoUniversity\Students.aspx.cs,108,20,P:System.Web.UI.WebControls.TableCellCollection.Item(System.Int32),,,,,(row.Cells[1].Controls[0] as TextBox).Text = string.Empty;
Api.0001,Binary incompatible for selected .NET version,Active,Mandatory,1,ContosoUniversity\ContosoUniversity.csproj,File,ContosoUniversity\Students.aspx.cs,108,20,T:System.Web.UI.ControlCollection,,,,,(row.Cells[1].Controls[0] as TextBox).Text = string.Empty;
Api.0001,Binary incompatible for selected .NET version,Active,Mandatory,1,ContosoUniversity\ContosoUniversity.csproj,File,ContosoUniversity\Students.aspx.cs,108,20,P:System.Web.UI.Control.Controls,,,,,(row.Cells[1].Controls[0] as TextBox).Text = string.Empty;
Api.0001,Binary incompatible for selected .NET version,Active,Mandatory,1,ContosoUniversity\ContosoUniversity.csproj,File,ContosoUniversity\Students.aspx.cs,108,20,T:System.Web.UI.Control,,,,,(row.Cells[1].Controls[0] as TextBox).Text = string.Empty;
Api.0001,Binary incompatible for selected .NET version,Active,Mandatory,1,ContosoUniversity\ContosoUniversity.csproj,File,ContosoUniversity\Students.aspx.cs,108,20,P:System.Web.UI.ControlCollection.Item(System.Int32),,,,,(row.Cells[1].Controls[0] as TextBox).Text = string.Empty;
Api.0001,Binary incompatible for selected .NET version,Active,Mandatory,1,ContosoUniversity\ContosoUniversity.csproj,File,ContosoUniversity\Students.aspx.cs,108,20,P:System.Web.UI.WebControls.TextBox.Text,,,,,(row.Cells[1].Controls[0] as TextBox).Text = string.Empty;
Api.0001,Binary incompatible for selected .NET version,Active,Mandatory,1,ContosoUniversity\ContosoUniversity.csproj,File,ContosoUniversity\Students.aspx.cs,106,16,T:System.Web.UI.WebControls.TableCellCollection,,,,,if (row.Cells[1].Controls[0] is TextBox)                  {                      (row.Cells[1].Controls[0] as TextBox).Text = string.Empty;                  }                  else if (row.Cells[1].Controls[0] is DropDownList)                  {                      (row.Cells[1].Controls[0] as DropDownList).ClearSelection();                  }
Api.0001,Binary incompatible for selected .NET version,Active,Mandatory,1,ContosoUniversity\ContosoUniversity.csproj,File,ContosoUniversity\Students.aspx.cs,106,16,P:System.Web.UI.WebControls.TableRow.Cells,,,,,if (row.Cells[1].Controls[0] is TextBox)                  {                      (row.Cells[1].Controls[0] as TextBox).Text = string.Empty;                  }                  else if (row.Cells[1].Controls[0] is DropDownList)                  {                      (row.Cells[1].Controls[0] as DropDownList).ClearSelection();                  }
Api.0001,Binary incompatible for selected .NET version,Active,Mandatory,1,ContosoUniversity\ContosoUniversity.csproj,File,ContosoUniversity\Students.aspx.cs,106,16,T:System.Web.UI.WebControls.TableCell,,,,,if (row.Cells[1].Controls[0] is TextBox)                  {                      (row.Cells[1].Controls[0] as TextBox).Text = string.Empty;                  }                  else if (row.Cells[1].Controls[0] is DropDownList)                  {                      (row.Cells[1].Controls[0] as DropDownList).ClearSelection();                  }
Api.0001,Binary incompatible for selected .NET version,Active,Mandatory,1,ContosoUniversity\ContosoUniversity.csproj,File,ContosoUniversity\Students.aspx.cs,106,16,P:System.Web.UI.WebControls.TableCellCollection.Item(System.Int32),,,,,if (row.Cells[1].Controls[0] is TextBox)                  {                      (row.Cells[1].Controls[0] as TextBox).Text = string.Empty;                  }                  else if (row.Cells[1].Controls[0] is DropDownList)                  {                      (row.Cells[1].Controls[0] as DropDownList).ClearSelection();                  }
Api.0001,Binary incompatible for selected .NET version,Active,Mandatory,1,ContosoUniversity\ContosoUniversity.csproj,File,ContosoUniversity\Students.aspx.cs,106,16,T:System.Web.UI.ControlCollection,,,,,if (row.Cells[1].Controls[0] is TextBox)                  {                      (row.Cells[1].Controls[0] as TextBox).Text = string.Empty;                  }                  else if (row.Cells[1].Controls[0] is DropDownList)                  {                      (row.Cells[1].Controls[0] as DropDownList).ClearSelection();                  }
Api.0001,Binary incompatible for selected .NET version,Active,Mandatory,1,ContosoUniversity\ContosoUniversity.csproj,File,ContosoUniversity\Students.aspx.cs,106,16,P:System.Web.UI.Control.Controls,,,,,if (row.Cells[1].Controls[0] is TextBox)                  {                      (row.Cells[1].Controls[0] as TextBox).Text = string.Empty;                  }                  else if (row.Cells[1].Controls[0] is DropDownList)                  {                      (row.Cells[1].Controls[0] as DropDownList).ClearSelection();                  }
Api.0001,Binary incompatible for selected .NET version,Active,Mandatory,1,ContosoUniversity\ContosoUniversity.csproj,File,ContosoUniversity\Students.aspx.cs,106,16,T:System.Web.UI.Control,,,,,if (row.Cells[1].Controls[0] is TextBox)                  {                      (row.Cells[1].Controls[0] as TextBox).Text = string.Empty;                  }                  else if (row.Cells[1].Controls[0] is DropDownList)                  {                      (row.Cells[1].Controls[0] as DropDownList).ClearSelection();                  }
Api.0001,Binary incompatible for selected .NET version,Active,Mandatory,1,ContosoUniversity\ContosoUniversity.csproj,File,ContosoUniversity\Students.aspx.cs,106,16,P:System.Web.UI.ControlCollection.Item(System.Int32),,,,,if (row.Cells[1].Controls[0] is TextBox)                  {                      (row.Cells[1].Controls[0] as TextBox).Text = string.Empty;                  }                  else if (row.Cells[1].Controls[0] is DropDownList)                  {                      (row.Cells[1].Controls[0] as DropDownList).ClearSelection();                  }
Api.0001,Binary incompatible for selected .NET version,Active,Mandatory,1,ContosoUniversity\ContosoUniversity.csproj,File,ContosoUniversity\Students.aspx.cs,104,12,T:System.Web.UI.WebControls.Table,,,,,foreach (TableRow row in this.tabAddStud.Rows)              {                  if (row.Cells[1].Controls[0] is TextBox)                  {                      (row.Cells[1].Controls[0] as TextBox).Text = string.Empty;                  }                  else if (row.Cells[1].Controls[0] is DropDownList)                  {                      (row.Cells[1].Controls[0] as DropDownList).ClearSelection();                  }                            }
Api.0001,Binary incompatible for selected .NET version,Active,Mandatory,1,ContosoUniversity\ContosoUniversity.csproj,File,ContosoUniversity\Students.aspx.cs,104,12,T:System.Web.UI.WebControls.TableRowCollection,,,,,foreach (TableRow row in this.tabAddStud.Rows)              {                  if (row.Cells[1].Controls[0] is TextBox)                  {                      (row.Cells[1].Controls[0] as TextBox).Text = string.Empty;                  }                  else if (row.Cells[1].Controls[0] is DropDownList)                  {                      (row.Cells[1].Controls[0] as DropDownList).ClearSelection();                  }                            }
Api.0001,Binary incompatible for selected .NET version,Active,Mandatory,1,ContosoUniversity\ContosoUniversity.csproj,File,ContosoUniversity\Students.aspx.cs,104,12,P:System.Web.UI.WebControls.Table.Rows,,,,,foreach (TableRow row in this.tabAddStud.Rows)              {                  if (row.Cells[1].Controls[0] is TextBox)                  {                      (row.Cells[1].Controls[0] as TextBox).Text = string.Empty;                  }                  else if (row.Cells[1].Controls[0] is DropDownList)                  {                      (row.Cells[1].Controls[0] as DropDownList).ClearSelection();                  }                            }
Api.0001,Binary incompatible for selected .NET version,Active,Mandatory,1,ContosoUniversity\ContosoUniversity.csproj,File,ContosoUniversity\Students.aspx.cs,102,12,T:System.Web.UI.WebControls.TextBox,,,,,this.txtFirstName.Text = string.Empty;
Api.0001,Binary incompatible for selected .NET version,Active,Mandatory,1,ContosoUniversity\ContosoUniversity.csproj,File,ContosoUniversity\Students.aspx.cs,102,12,P:System.Web.UI.WebControls.TextBox.Text,,,,,this.txtFirstName.Text = string.Empty;
Api.0001,Binary incompatible for selected .NET version,Active,Mandatory,1,ContosoUniversity\ContosoUniversity.csproj,File,ContosoUniversity\Students.aspx.cs,94,12,T:System.Web.UI.WebControls.TextBox,,,,,"studLogic.InsertNewEntry(txtFirstName.Text,txtLastName.Text,birth,dropListCourses.SelectedItem.ToString(),txtEmail.Text);"
Api.0001,Binary incompatible for selected .NET version,Active,Mandatory,1,ContosoUniversity\ContosoUniversity.csproj,File,ContosoUniversity\Students.aspx.cs,94,12,P:System.Web.UI.WebControls.TextBox.Text,,,,,"studLogic.InsertNewEntry(txtFirstName.Text,txtLastName.Text,birth,dropListCourses.SelectedItem.ToString(),txtEmail.Text);"
Api.0001,Binary incompatible for selected .NET version,Active,Mandatory,1,ContosoUniversity\ContosoUniversity.csproj,File,ContosoUniversity\Students.aspx.cs,94,12,T:System.Web.UI.WebControls.DropDownList,,,,,"studLogic.InsertNewEntry(txtFirstName.Text,txtLastName.Text,birth,dropListCourses.SelectedItem.ToString(),txtEmail.Text);"
Api.0001,Binary incompatible for selected .NET version,Active,Mandatory,1,ContosoUniversity\ContosoUniversity.csproj,File,ContosoUniversity\Students.aspx.cs,94,12,T:System.Web.UI.WebControls.ListItem,,,,,"studLogic.InsertNewEntry(txtFirstName.Text,txtLastName.Text,birth,dropListCourses.SelectedItem.ToString(),txtEmail.Text);"
Api.0001,Binary incompatible for selected .NET version,Active,Mandatory,1,ContosoUniversity\ContosoUniversity.csproj,File,ContosoUniversity\Students.aspx.cs,94,12,P:System.Web.UI.WebControls.ListControl.SelectedItem,,,,,"studLogic.InsertNewEntry(txtFirstName.Text,txtLastName.Text,birth,dropListCourses.SelectedItem.ToString(),txtEmail.Text);"
Api.0001,Binary incompatible for selected .NET version,Active,Mandatory,1,ContosoUniversity\ContosoUniversity.csproj,File,ContosoUniversity\Students.aspx.cs,94,12,M:System.Web.UI.WebControls.ListItem.ToString,,,,,"studLogic.InsertNewEntry(txtFirstName.Text,txtLastName.Text,birth,dropListCourses.SelectedItem.ToString(),txtEmail.Text);"
Api.0001,Binary incompatible for selected .NET version,Active,Mandatory,1,ContosoUniversity\ContosoUniversity.csproj,File,ContosoUniversity\Students.aspx.cs,94,12,T:System.Web.UI.WebControls.TextBox,,,,,"studLogic.InsertNewEntry(txtFirstName.Text,txtLastName.Text,birth,dropListCourses.SelectedItem.ToString(),txtEmail.Text);"
Api.0001,Binary incompatible for selected .NET version,Active,Mandatory,1,ContosoUniversity\ContosoUniversity.csproj,File,ContosoUniversity\Students.aspx.cs,94,12,P:System.Web.UI.WebControls.TextBox.Text,,,,,"studLogic.InsertNewEntry(txtFirstName.Text,txtLastName.Text,birth,dropListCourses.SelectedItem.ToString(),txtEmail.Text);"
Api.0001,Binary incompatible for selected .NET version,Active,Mandatory,1,ContosoUniversity\ContosoUniversity.csproj,File,ContosoUniversity\Students.aspx.cs,94,12,T:System.Web.UI.WebControls.TextBox,,,,,"studLogic.InsertNewEntry(txtFirstName.Text,txtLastName.Text,birth,dropListCourses.SelectedItem.ToString(),txtEmail.Text);"
Api.0001,Binary incompatible for selected .NET version,Active,Mandatory,1,ContosoUniversity\ContosoUniversity.csproj,File,ContosoUniversity\Students.aspx.cs,94,12,P:System.Web.UI.WebControls.TextBox.Text,,,,,"studLogic.InsertNewEntry(txtFirstName.Text,txtLastName.Text,birth,dropListCourses.SelectedItem.ToString(),txtEmail.Text);"
Api.0001,Binary incompatible for selected .NET version,Active,Mandatory,1,ContosoUniversity\ContosoUniversity.csproj,File,ContosoUniversity\Students.aspx.cs,87,16,T:System.Web.UI.WebControls.TextBox,,,,,birth = DateTime.Parse(txtBirthDate.Text);
Api.0001,Binary incompatible for selected .NET version,Active,Mandatory,1,ContosoUniversity\ContosoUniversity.csproj,File,ContosoUniversity\Students.aspx.cs,87,16,P:System.Web.UI.WebControls.TextBox.Text,,,,,birth = DateTime.Parse(txtBirthDate.Text);
Api.0001,Binary incompatible for selected .NET version,Active,Mandatory,1,ContosoUniversity\ContosoUniversity.csproj,File,ContosoUniversity\Students.aspx.cs,50,8,T:System.Web.UI.WebControls.GridViewUpdateEventArgs,,,,,"protected void grv_RowUpdating(object sender, GridViewUpdateEventArgs e)"
Api.0001,Binary incompatible for selected .NET version,Active,Mandatory,1,ContosoUniversity\ContosoUniversity.csproj,File,ContosoUniversity\Students.aspx.cs,58,12,P:System.Web.UI.WebControls.GridViewUpdateEventArgs.NewValues,,,,,foreach (string val in e.NewValues.Values)              {                  if (counter == 0)                  {                      name = val;                      counter++;                  }                  else email = val;              }
Api.0001,Binary incompatible for selected .NET version,Active,Mandatory,1,ContosoUniversity\ContosoUniversity.csproj,File,ContosoUniversity\Students.aspx.cs,56,12,P:System.Web.UI.WebControls.GridViewUpdateEventArgs.RowIndex,,,,,id = int.Parse(grv.Rows[e.RowIndex].Cells[1].Text);
Api.0001,Binary incompatible for selected .NET version,Active,Mandatory,1,ContosoUniversity\ContosoUniversity.csproj,File,ContosoUniversity\Students.aspx.cs,56,12,T:System.Web.UI.WebControls.GridView,,,,,id = int.Parse(grv.Rows[e.RowIndex].Cells[1].Text);
Api.0001,Binary incompatible for selected .NET version,Active,Mandatory,1,ContosoUniversity\ContosoUniversity.csproj,File,ContosoUniversity\Students.aspx.cs,56,12,T:System.Web.UI.WebControls.GridViewRowCollection,,,,,id = int.Parse(grv.Rows[e.RowIndex].Cells[1].Text);
Api.0001,Binary incompatible for selected .NET version,Active,Mandatory,1,ContosoUniversity\ContosoUniversity.csproj,File,ContosoUniversity\Students.aspx.cs,56,12,P:System.Web.UI.WebControls.GridView.Rows,,,,,id = int.Parse(grv.Rows[e.RowIndex].Cells[1].Text);
Api.0001,Binary incompatible for selected .NET version,Active,Mandatory,1,ContosoUniversity\ContosoUniversity.csproj,File,ContosoUniversity\Students.aspx.cs,56,12,T:System.Web.UI.WebControls.GridViewRow,,,,,id = int.Parse(grv.Rows[e.RowIndex].Cells[1].Text);
Api.0001,Binary incompatible for selected .NET version,Active,Mandatory,1,ContosoUniversity\ContosoUniversity.csproj,File,ContosoUniversity\Students.aspx.cs,56,12,P:System.Web.UI.WebControls.GridViewRowCollection.Item(System.Int32),,,,,id = int.Parse(grv.Rows[e.RowIndex].Cells[1].Text);
Api.0001,Binary incompatible for selected .NET version,Active,Mandatory,1,ContosoUniversity\ContosoUniversity.csproj,File,ContosoUniversity\Students.aspx.cs,56,12,T:System.Web.UI.WebControls.TableCellCollection,,,,,id = int.Parse(grv.Rows[e.RowIndex].Cells[1].Text);
Api.0001,Binary incompatible for selected .NET version,Active,Mandatory,1,ContosoUniversity\ContosoUniversity.csproj,File,ContosoUniversity\Students.aspx.cs,56,12,P:System.Web.UI.WebControls.TableRow.Cells,,,,,id = int.Parse(grv.Rows[e.RowIndex].Cells[1].Text);
Api.0001,Binary incompatible for selected .NET version,Active,Mandatory,1,ContosoUniversity\ContosoUniversity.csproj,File,ContosoUniversity\Students.aspx.cs,56,12,T:System.Web.UI.WebControls.TableCell,,,,,id = int.Parse(grv.Rows[e.RowIndex].Cells[1].Text);
Api.0001,Binary incompatible for selected .NET version,Active,Mandatory,1,ContosoUniversity\ContosoUniversity.csproj,File,ContosoUniversity\Students.aspx.cs,56,12,P:System.Web.UI.WebControls.TableCellCollection.Item(System.Int32),,,,,id = int.Parse(grv.Rows[e.RowIndex].Cells[1].Text);
Api.0001,Binary incompatible for selected .NET version,Active,Mandatory,1,ContosoUniversity\ContosoUniversity.csproj,File,ContosoUniversity\Students.aspx.cs,56,12,P:System.Web.UI.WebControls.TableCell.Text,,,,,id = int.Parse(grv.Rows[e.RowIndex].Cells[1].Text);
Api.0001,Binary incompatible for selected .NET version,Active,Mandatory,1,ContosoUniversity\ContosoUniversity.csproj,File,ContosoUniversity\Students.aspx.cs,32,12,T:System.Web.UI.WebControls.DetailsView,,,,,this.studentData.DataBind();
Api.0001,Binary incompatible for selected .NET version,Active,Mandatory,1,ContosoUniversity\ContosoUniversity.csproj,File,ContosoUniversity\Students.aspx.cs,32,12,M:System.Web.UI.WebControls.DetailsView.DataBind,,,,,this.studentData.DataBind();
Api.0001,Binary incompatible for selected .NET version,Active,Mandatory,1,ContosoUniversity\ContosoUniversity.csproj,File,ContosoUniversity\Students.aspx.cs,31,12,T:System.Web.UI.WebControls.DetailsView,,,,,this.studentData.DataSource = null;
Api.0001,Binary incompatible for selected .NET version,Active,Mandatory,1,ContosoUniversity\ContosoUniversity.csproj,File,ContosoUniversity\Students.aspx.cs,31,12,P:System.Web.UI.WebControls.BaseDataBoundControl.DataSource,,,,,this.studentData.DataSource = null;
Api.0001,Binary incompatible for selected .NET version,Active,Mandatory,1,ContosoUniversity\ContosoUniversity.csproj,File,ContosoUniversity\Students.aspx.cs,27,20,T:System.Web.UI.WebControls.DropDownList,,,,,this.dropListCourses.Items.Add(course.CourseName);
Api.0001,Binary incompatible for selected .NET version,Active,Mandatory,1,ContosoUniversity\ContosoUniversity.csproj,File,ContosoUniversity\Students.aspx.cs,27,20,T:System.Web.UI.WebControls.ListItemCollection,,,,,this.dropListCourses.Items.Add(course.CourseName);
Api.0001,Binary incompatible for selected .NET version,Active,Mandatory,1,ContosoUniversity\ContosoUniversity.csproj,File,ContosoUniversity\Students.aspx.cs,27,20,P:System.Web.UI.WebControls.ListControl.Items,,,,,this.dropListCourses.Items.Add(course.CourseName);
Api.0001,Binary incompatible for selected .NET version,Active,Mandatory,1,ContosoUniversity\ContosoUniversity.csproj,File,ContosoUniversity\Students.aspx.cs,27,20,M:System.Web.UI.WebControls.ListItemCollection.Add(System.String),,,,,this.dropListCourses.Items.Add(course.CourseName);
Api.0001,Binary incompatible for selected .NET version,Active,Mandatory,1,ContosoUniversity\ContosoUniversity.csproj,File,ContosoUniversity\Students.aspx.cs,23,12,P:System.Web.UI.Page.IsPostBack,,,,,if (!IsPostBack)              {                  foreach (var course in new ContosoUniversityEntities().Courses)                  {                      this.dropListCourses.Items.Add(course.CourseName);                  }              }
Api.0001,Binary incompatible for selected .NET version,Active,Mandatory,1,ContosoUniversity\ContosoUniversity.csproj,File,ContosoUniversity\Students.aspx.cs,15,50,M:System.Web.UI.Page.#ctor,,,,,Page
Api.0001,Binary incompatible for selected .NET version,Active,Mandatory,1,ContosoUniversity\ContosoUniversity.csproj,File,ContosoUniversity\Students.aspx.cs,15,50,T:System.Web.UI.Page,,,,,Page
Api.0001,Binary incompatible for selected .NET version,Active,Mandatory,1,ContosoUniversity\ContosoUniversity.csproj,File,ContosoUniversity\Site.Master.designer.cs,39,71,T:System.Web.UI.WebControls.ContentPlaceHolder,,,,,ContentPlaceHolder1
Api.0001,Binary incompatible for selected .NET version,Active,Mandatory,1,ContosoUniversity\ContosoUniversity.csproj,File,ContosoUniversity\Site.Master.designer.cs,30,62,T:System.Web.UI.HtmlControls.HtmlForm,,,,,frmMain
Api.0001,Binary incompatible for selected .NET version,Active,Mandatory,1,ContosoUniversity\ContosoUniversity.csproj,File,ContosoUniversity\Site.Master.designer.cs,21,71,T:System.Web.UI.WebControls.ContentPlaceHolder,,,,,head
Api.0001,Binary incompatible for selected .NET version,Active,Mandatory,1,ContosoUniversity\ContosoUniversity.csproj,File,ContosoUniversity\Site.Master.cs,9,46,M:System.Web.UI.MasterPage.#ctor,,,,,MasterPage
Api.0001,Binary incompatible for selected .NET version,Active,Mandatory,1,ContosoUniversity\ContosoUniversity.csproj,File,ContosoUniversity\Site.Master.cs,9,46,T:System.Web.UI.MasterPage,,,,,MasterPage
Api.0001,Binary incompatible for selected .NET version,Active,Mandatory,1,ContosoUniversity\ContosoUniversity.csproj,File,ContosoUniversity\Instructors.aspx.designer.cs,21,61,T:System.Web.UI.WebControls.GridView,,,,,grvInstructors
Api.0001,Binary incompatible for selected .NET version,Active,Mandatory,1,ContosoUniversity\ContosoUniversity.csproj,File,ContosoUniversity\Instructors.aspx.cs,49,12,T:System.Web.UI.WebControls.GridView,,,,,this.grvInstructors.DataBind();
Api.0001,Binary incompatible for selected .NET version,Active,Mandatory,1,ContosoUniversity\ContosoUniversity.csproj,File,ContosoUniversity\Instructors.aspx.cs,49,12,M:System.Web.UI.WebControls.GridView.DataBind,,,,,this.grvInstructors.DataBind();
Api.0001,Binary incompatible for selected .NET version,Active,Mandatory,1,ContosoUniversity\ContosoUniversity.csproj,File,ContosoUniversity\Instructors.aspx.cs,42,16,T:System.Web.UI.StateBag,,,,,"ViewState[""SortDirection""] = ""asc"";"
Api.0001,Binary incompatible for selected .NET version,Active,Mandatory,1,ContosoUniversity\ContosoUniversity.csproj,File,ContosoUniversity\Instructors.aspx.cs,42,16,P:System.Web.UI.Control.ViewState,,,,,"ViewState[""SortDirection""] = ""asc"";"
Api.0001,Binary incompatible for selected .NET version,Active,Mandatory,1,ContosoUniversity\ContosoUniversity.csproj,File,ContosoUniversity\Instructors.aspx.cs,42,16,P:System.Web.UI.StateBag.Item(System.String),,,,,"ViewState[""SortDirection""] = ""asc"";"
Api.0001,Binary incompatible for selected .NET version,Active,Mandatory,1,ContosoUniversity\ContosoUniversity.csproj,File,ContosoUniversity\Instructors.aspx.cs,38,16,T:System.Web.UI.StateBag,,,,,"ViewState[""SortDirection""] = ""desc"";"
Api.0001,Binary incompatible for selected .NET version,Active,Mandatory,1,ContosoUniversity\ContosoUniversity.csproj,File,ContosoUniversity\Instructors.aspx.cs,38,16,P:System.Web.UI.Control.ViewState,,,,,"ViewState[""SortDirection""] = ""desc"";"
Api.0001,Binary incompatible for selected .NET version,Active,Mandatory,1,ContosoUniversity\ContosoUniversity.csproj,File,ContosoUniversity\Instructors.aspx.cs,38,16,P:System.Web.UI.StateBag.Item(System.String),,,,,"ViewState[""SortDirection""] = ""desc"";"
Api.0001,Binary incompatible for selected .NET version,Active,Mandatory,1,ContosoUniversity\ContosoUniversity.csproj,File,ContosoUniversity\Instructors.aspx.cs,36,12,T:System.Web.UI.StateBag,,,,,"if (ViewState[""SortDirection""].ToString() == ""asc"")              {                  ViewState[""SortDirection""] = ""desc"";              }              else              {                  ViewState[""SortDirection""] = ""asc"";              }"
Api.0001,Binary incompatible for selected .NET version,Active,Mandatory,1,ContosoUniversity\ContosoUniversity.csproj,File,ContosoUniversity\Instructors.aspx.cs,36,12,P:System.Web.UI.Control.ViewState,,,,,"if (ViewState[""SortDirection""].ToString() == ""asc"")              {                  ViewState[""SortDirection""] = ""desc"";              }              else              {                  ViewState[""SortDirection""] = ""asc"";              }"
Api.0001,Binary incompatible for selected .NET version,Active,Mandatory,1,ContosoUniversity\ContosoUniversity.csproj,File,ContosoUniversity\Instructors.aspx.cs,36,12,P:System.Web.UI.StateBag.Item(System.String),,,,,"if (ViewState[""SortDirection""].ToString() == ""asc"")              {                  ViewState[""SortDirection""] = ""desc"";              }              else              {                  ViewState[""SortDirection""] = ""asc"";              }"
Api.0001,Binary incompatible for selected .NET version,Active,Mandatory,1,ContosoUniversity\ContosoUniversity.csproj,File,ContosoUniversity\Instructors.aspx.cs,28,8,T:System.Web.UI.WebControls.GridViewSortEventArgs,,,,,"protected void grvInstructors_Sorting(object sender, GridViewSortEventArgs e)"
Api.0001,Binary incompatible for selected .NET version,Active,Mandatory,1,ContosoUniversity\ContosoUniversity.csproj,File,ContosoUniversity\Instructors.aspx.cs,30,12,T:System.Web.UI.StateBag,,,,,"this.grvInstructors.DataSource = instructorsLogic.GetSortedInstrucors(e.SortExpression, ViewState[""SortDirection""].ToString());"
Api.0001,Binary incompatible for selected .NET version,Active,Mandatory,1,ContosoUniversity\ContosoUniversity.csproj,File,ContosoUniversity\Instructors.aspx.cs,30,12,P:System.Web.UI.Control.ViewState,,,,,"this.grvInstructors.DataSource = instructorsLogic.GetSortedInstrucors(e.SortExpression, ViewState[""SortDirection""].ToString());"
Api.0001,Binary incompatible for selected .NET version,Active,Mandatory,1,ContosoUniversity\ContosoUniversity.csproj,File,ContosoUniversity\Instructors.aspx.cs,30,12,P:System.Web.UI.StateBag.Item(System.String),,,,,"this.grvInstructors.DataSource = instructorsLogic.GetSortedInstrucors(e.SortExpression, ViewState[""SortDirection""].ToString());"
Api.0001,Binary incompatible for selected .NET version,Active,Mandatory,1,ContosoUniversity\ContosoUniversity.csproj,File,ContosoUniversity\Instructors.aspx.cs,30,12,P:System.Web.UI.WebControls.GridViewSortEventArgs.SortExpression,,,,,"this.grvInstructors.DataSource = instructorsLogic.GetSortedInstrucors(e.SortExpression, ViewState[""SortDirection""].ToString());"
Api.0001,Binary incompatible for selected .NET version,Active,Mandatory,1,ContosoUniversity\ContosoUniversity.csproj,File,ContosoUniversity\Instructors.aspx.cs,30,12,T:System.Web.UI.WebControls.GridView,,,,,"this.grvInstructors.DataSource = instructorsLogic.GetSortedInstrucors(e.SortExpression, ViewState[""SortDirection""].ToString());"
Api.0001,Binary incompatible for selected .NET version,Active,Mandatory,1,ContosoUniversity\ContosoUniversity.csproj,File,ContosoUniversity\Instructors.aspx.cs,30,12,P:System.Web.UI.WebControls.BaseDataBoundControl.DataSource,,,,,"this.grvInstructors.DataSource = instructorsLogic.GetSortedInstrucors(e.SortExpression, ViewState[""SortDirection""].ToString());"
Api.0001,Binary incompatible for selected .NET version,Active,Mandatory,1,ContosoUniversity\ContosoUniversity.csproj,File,ContosoUniversity\Instructors.aspx.cs,23,16,T:System.Web.UI.StateBag,,,,,"ViewState[""SortDirection""] = ""desc"";"
Api.0001,Binary incompatible for selected .NET version,Active,Mandatory,1,ContosoUniversity\ContosoUniversity.csproj,File,ContosoUniversity\Instructors.aspx.cs,23,16,P:System.Web.UI.Control.ViewState,,,,,"ViewState[""SortDirection""] = ""desc"";"
Api.0001,Binary incompatible for selected .NET version,Active,Mandatory,1,ContosoUniversity\ContosoUniversity.csproj,File,ContosoUniversity\Instructors.aspx.cs,23,16,P:System.Web.UI.StateBag.Item(System.String),,,,,"ViewState[""SortDirection""] = ""desc"";"
Api.0001,Binary incompatible for selected .NET version,Active,Mandatory,1,ContosoUniversity\ContosoUniversity.csproj,File,ContosoUniversity\Instructors.aspx.cs,21,12,P:System.Web.UI.Page.IsPostBack,,,,,"if (!IsPostBack)              {                  ViewState[""SortDirection""] = ""desc"";              }"
Api.0001,Binary incompatible for selected .NET version,Active,Mandatory,1,ContosoUniversity\ContosoUniversity.csproj,File,ContosoUniversity\Instructors.aspx.cs,19,12,T:System.Web.UI.WebControls.GridView,,,,,this.grvInstructors.DataSource = instructorsLogic.getInstructors();
Api.0001,Binary incompatible for selected .NET version,Active,Mandatory,1,ContosoUniversity\ContosoUniversity.csproj,File,ContosoUniversity\Instructors.aspx.cs,19,12,P:System.Web.UI.WebControls.BaseDataBoundControl.DataSource,,,,,this.grvInstructors.DataSource = instructorsLogic.getInstructors();
Api.0001,Binary incompatible for selected .NET version,Active,Mandatory,1,ContosoUniversity\ContosoUniversity.csproj,File,ContosoUniversity\Instructors.aspx.cs,12,53,M:System.Web.UI.Page.#ctor,,,,,Page
Api.0001,Binary incompatible for selected .NET version,Active,Mandatory,1,ContosoUniversity\ContosoUniversity.csproj,File,ContosoUniversity\Instructors.aspx.cs,12,53,T:System.Web.UI.Page,,,,,Page
Api.0001,Binary incompatible for selected .NET version,Active,Mandatory,1,ContosoUniversity\ContosoUniversity.csproj,File,ContosoUniversity\Home.aspx.cs,9,46,M:System.Web.UI.Page.#ctor,,,,,Page
Api.0001,Binary incompatible for selected .NET version,Active,Mandatory,1,ContosoUniversity\ContosoUniversity.csproj,File,ContosoUniversity\Home.aspx.cs,9,46,T:System.Web.UI.Page,,,,,Page
Api.0002,Source incompatible for selected .NET version,Active,Potential,1,ContosoUniversity\ContosoUniversity.csproj,File,ContosoUniversity\Global.asax.cs,9,37,M:System.Web.HttpApplication.#ctor,,,,,HttpApplication
Api.0002,Source incompatible for selected .NET version,Active,Potential,1,ContosoUniversity\ContosoUniversity.csproj,File,ContosoUniversity\Global.asax.cs,9,37,T:System.Web.HttpApplication,,,,,HttpApplication
Api.0001,Binary incompatible for selected .NET version,Active,Mandatory,1,ContosoUniversity\ContosoUniversity.csproj,File,ContosoUniversity\Courses.aspx.designer.cs,75,64,T:System.Web.UI.WebControls.DetailsView,,,,,dtlCourses
Api.0001,Binary incompatible for selected .NET version,Active,Mandatory,1,ContosoUniversity\ContosoUniversity.csproj,File,ContosoUniversity\Courses.aspx.designer.cs,57,59,T:System.Web.UI.WebControls.Button,,,,,search
Api.0001,Binary incompatible for selected .NET version,Active,Mandatory,1,ContosoUniversity\ContosoUniversity.csproj,File,ContosoUniversity\Courses.aspx.designer.cs,48,60,T:System.Web.UI.WebControls.TextBox,,,,,txtCourse
Api.0001,Binary incompatible for selected .NET version,Active,Mandatory,1,ContosoUniversity\ContosoUniversity.csproj,File,ContosoUniversity\Courses.aspx.designer.cs,39,61,T:System.Web.UI.WebControls.GridView,,,,,grvCourses
Api.0001,Binary incompatible for selected .NET version,Active,Mandatory,1,ContosoUniversity\ContosoUniversity.csproj,File,ContosoUniversity\Courses.aspx.designer.cs,30,59,T:System.Web.UI.WebControls.Button,,,,,btnSearchCourse
Api.0001,Binary incompatible for selected .NET version,Active,Mandatory,1,ContosoUniversity\ContosoUniversity.csproj,File,ContosoUniversity\Courses.aspx.designer.cs,21,65,T:System.Web.UI.WebControls.DropDownList,,,,,drpDepartments
Api.0001,Binary incompatible for selected .NET version,Active,Mandatory,1,ContosoUniversity\ContosoUniversity.csproj,File,ContosoUniversity\Courses.aspx.cs,97,12,T:System.Web.UI.WebControls.DetailsView,,,,,this.dtlCourses.DataBind();
Api.0001,Binary incompatible for selected .NET version,Active,Mandatory,1,ContosoUniversity\ContosoUniversity.csproj,File,ContosoUniversity\Courses.aspx.cs,97,12,M:System.Web.UI.WebControls.DetailsView.DataBind,,,,,this.dtlCourses.DataBind();
Api.0001,Binary incompatible for selected .NET version,Active,Mandatory,1,ContosoUniversity\ContosoUniversity.csproj,File,ContosoUniversity\Courses.aspx.cs,96,12,T:System.Web.UI.WebControls.GridView,,,,,this.grvCourses.DataBind();
Api.0001,Binary incompatible for selected .NET version,Active,Mandatory,1,ContosoUniversity\ContosoUniversity.csproj,File,ContosoUniversity\Courses.aspx.cs,96,12,M:System.Web.UI.WebControls.GridView.DataBind,,,,,this.grvCourses.DataBind();
Api.0001,Binary incompatible for selected .NET version,Active,Mandatory,1,ContosoUniversity\ContosoUniversity.csproj,File,ContosoUniversity\Courses.aspx.cs,88,8,T:System.Web.UI.WebControls.GridViewPageEventArgs,,,,,"protected void grvCourses_PageIndexChanging(object sender, GridViewPageEventArgs e)"
Api.0001,Binary incompatible for selected .NET version,Active,Mandatory,1,ContosoUniversity\ContosoUniversity.csproj,File,ContosoUniversity\Courses.aspx.cs,90,12,P:System.Web.UI.WebControls.GridViewPageEventArgs.NewPageIndex,,,,,this.grvCourses.PageIndex = e.NewPageIndex;
Api.0001,Binary incompatible for selected .NET version,Active,Mandatory,1,ContosoUniversity\ContosoUniversity.csproj,File,ContosoUniversity\Courses.aspx.cs,90,12,T:System.Web.UI.WebControls.GridView,,,,,this.grvCourses.PageIndex = e.NewPageIndex;
Api.0001,Binary incompatible for selected .NET version,Active,Mandatory,1,ContosoUniversity\ContosoUniversity.csproj,File,ContosoUniversity\Courses.aspx.cs,90,12,P:System.Web.UI.WebControls.GridView.PageIndex,,,,,this.grvCourses.PageIndex = e.NewPageIndex;
Api.0001,Binary incompatible for selected .NET version,Active,Mandatory,1,ContosoUniversity\ContosoUniversity.csproj,File,ContosoUniversity\Courses.aspx.cs,84,12,T:System.Web.UI.WebControls.TextBox,,,,,this.txtCourse.Text = string.Empty;
Api.0001,Binary incompatible for selected .NET version,Active,Mandatory,1,ContosoUniversity\ContosoUniversity.csproj,File,ContosoUniversity\Courses.aspx.cs,84,12,P:System.Web.UI.WebControls.TextBox.Text,,,,,this.txtCourse.Text = string.Empty;
Api.0001,Binary incompatible for selected .NET version,Active,Mandatory,1,ContosoUniversity\ContosoUniversity.csproj,File,ContosoUniversity\Courses.aspx.cs,83,12,T:System.Web.UI.WebControls.TextBox,,,,,this.dtlCourses.DataSource = coursLogic.GetCourse(this.txtCourse.Text);
Api.0001,Binary incompatible for selected .NET version,Active,Mandatory,1,ContosoUniversity\ContosoUniversity.csproj,File,ContosoUniversity\Courses.aspx.cs,83,12,P:System.Web.UI.WebControls.TextBox.Text,,,,,this.dtlCourses.DataSource = coursLogic.GetCourse(this.txtCourse.Text);
Api.0001,Binary incompatible for selected .NET version,Active,Mandatory,1,ContosoUniversity\ContosoUniversity.csproj,File,ContosoUniversity\Courses.aspx.cs,83,12,T:System.Web.UI.WebControls.DetailsView,,,,,this.dtlCourses.DataSource = coursLogic.GetCourse(this.txtCourse.Text);
Api.0001,Binary incompatible for selected .NET version,Active,Mandatory,1,ContosoUniversity\ContosoUniversity.csproj,File,ContosoUniversity\Courses.aspx.cs,83,12,P:System.Web.UI.WebControls.BaseDataBoundControl.DataSource,,,,,this.dtlCourses.DataSource = coursLogic.GetCourse(this.txtCourse.Text);
Api.0001,Binary incompatible for selected .NET version,Active,Mandatory,1,ContosoUniversity\ContosoUniversity.csproj,File,ContosoUniversity\Courses.aspx.cs,76,12,T:System.Web.UI.WebControls.DropDownList,,,,,this.grvCourses.DataSource = coursLogic.GetCourses(this.drpDepartments.SelectedValue);
Api.0001,Binary incompatible for selected .NET version,Active,Mandatory,1,ContosoUniversity\ContosoUniversity.csproj,File,ContosoUniversity\Courses.aspx.cs,76,12,P:System.Web.UI.WebControls.ListControl.SelectedValue,,,,,this.grvCourses.DataSource = coursLogic.GetCourses(this.drpDepartments.SelectedValue);
Api.0001,Binary incompatible for selected .NET version,Active,Mandatory,1,ContosoUniversity\ContosoUniversity.csproj,File,ContosoUniversity\Courses.aspx.cs,76,12,T:System.Web.UI.WebControls.GridView,,,,,this.grvCourses.DataSource = coursLogic.GetCourses(this.drpDepartments.SelectedValue);
Api.0001,Binary incompatible for selected .NET version,Active,Mandatory,1,ContosoUniversity\ContosoUniversity.csproj,File,ContosoUniversity\Courses.aspx.cs,76,12,P:System.Web.UI.WebControls.BaseDataBoundControl.DataSource,,,,,this.grvCourses.DataSource = coursLogic.GetCourses(this.drpDepartments.SelectedValue);
Api.0002,Source incompatible for selected .NET version,Active,Potential,1,ContosoUniversity\ContosoUniversity.csproj,File,ContosoUniversity\Courses.aspx.cs,67,16,M:System.Data.SqlClient.SqlConnection.Close,,,,,con.Close();
Api.0001,Binary incompatible for selected .NET version,Active,Mandatory,1,ContosoUniversity\ContosoUniversity.csproj,File,ContosoUniversity\Courses.aspx.cs,63,24,M:System.Data.SqlClient.SqlDataReader.Close,,,,,dr.Close();
Api.0002,Source incompatible for selected .NET version,Active,Potential,1,ContosoUniversity\ContosoUniversity.csproj,File,ContosoUniversity\Courses.aspx.cs,60,28,P:System.Data.SqlClient.SqlDataReader.Item(System.String),,,,,"name.Add(dr[""CourseName""].ToString());"
Api.0002,Source incompatible for selected .NET version,Active,Potential,1,ContosoUniversity\ContosoUniversity.csproj,File,ContosoUniversity\Courses.aspx.cs,58,24,M:System.Data.SqlClient.SqlDataReader.Read,,,,,"while (dr.Read())                          {                              name.Add(dr[""CourseName""].ToString());                          }"
Api.0002,Source incompatible for selected .NET version,Active,Potential,1,ContosoUniversity\ContosoUniversity.csproj,File,ContosoUniversity\Courses.aspx.cs,56,20,T:System.Data.SqlClient.SqlDataReader,,,,,"using (SqlDataReader dr = cmd.ExecuteReader())                      {                          while (dr.Read())                          {                              name.Add(dr[""CourseName""].ToString());                          }                            dr.Close();                      }"
Api.0002,Source incompatible for selected .NET version,Active,Potential,1,ContosoUniversity\ContosoUniversity.csproj,File,ContosoUniversity\Courses.aspx.cs,56,20,M:System.Data.SqlClient.SqlCommand.ExecuteReader,,,,,"using (SqlDataReader dr = cmd.ExecuteReader())                      {                          while (dr.Read())                          {                              name.Add(dr[""CourseName""].ToString());                          }                            dr.Close();                      }"
Api.0002,Source incompatible for selected .NET version,Active,Potential,1,ContosoUniversity\ContosoUniversity.csproj,File,ContosoUniversity\Courses.aspx.cs,54,20,M:System.Data.SqlClient.SqlConnection.Open,,,,,con.Open();
Api.0002,Source incompatible for selected .NET version,Active,Potential,1,ContosoUniversity\ContosoUniversity.csproj,File,ContosoUniversity\Courses.aspx.cs,52,20,T:System.Data.SqlClient.SqlParameterCollection,,,,,cmd.Parameters.Add(param);
Api.0002,Source incompatible for selected .NET version,Active,Potential,1,ContosoUniversity\ContosoUniversity.csproj,File,ContosoUniversity\Courses.aspx.cs,52,20,P:System.Data.SqlClient.SqlCommand.Parameters,,,,,cmd.Parameters.Add(param);
Api.0002,Source incompatible for selected .NET version,Active,Potential,1,ContosoUniversity\ContosoUniversity.csproj,File,ContosoUniversity\Courses.aspx.cs,52,20,T:System.Data.SqlClient.SqlParameter,,,,,cmd.Parameters.Add(param);
Api.0002,Source incompatible for selected .NET version,Active,Potential,1,ContosoUniversity\ContosoUniversity.csproj,File,ContosoUniversity\Courses.aspx.cs,52,20,M:System.Data.SqlClient.SqlParameterCollection.Add(System.Data.SqlClient.SqlParameter),,,,,cmd.Parameters.Add(param);
Api.0002,Source incompatible for selected .NET version,Active,Potential,1,ContosoUniversity\ContosoUniversity.csproj,File,ContosoUniversity\Courses.aspx.cs,50,20,P:System.Data.SqlClient.SqlParameter.Value,,,,,param.Value = prefixText;
Api.0002,Source incompatible for selected .NET version,Active,Potential,1,ContosoUniversity\ContosoUniversity.csproj,File,ContosoUniversity\Courses.aspx.cs,49,20,P:System.Data.SqlClient.SqlParameter.ParameterName,,,,,"param.ParameterName = ""@SearchText"";"
Api.0002,Source incompatible for selected .NET version,Active,Potential,1,ContosoUniversity\ContosoUniversity.csproj,File,ContosoUniversity\Courses.aspx.cs,48,20,P:System.Data.SqlClient.SqlParameter.DbType,,,,,param.DbType = DbType.String;
Api.0002,Source incompatible for selected .NET version,Active,Potential,1,ContosoUniversity\ContosoUniversity.csproj,File,ContosoUniversity\Courses.aspx.cs,47,20,P:System.Data.SqlClient.SqlParameter.Direction,,,,,param.Direction = ParameterDirection.Input;
Api.0002,Source incompatible for selected .NET version,Active,Potential,1,ContosoUniversity\ContosoUniversity.csproj,File,ContosoUniversity\Courses.aspx.cs,46,20,T:System.Data.SqlClient.SqlParameter,,,,,SqlParameter param = new SqlParameter();
Api.0002,Source incompatible for selected .NET version,Active,Potential,1,ContosoUniversity\ContosoUniversity.csproj,File,ContosoUniversity\Courses.aspx.cs,46,20,M:System.Data.SqlClient.SqlParameter.#ctor,,,,,SqlParameter param = new SqlParameter();
Api.0002,Source incompatible for selected .NET version,Active,Potential,1,ContosoUniversity\ContosoUniversity.csproj,File,ContosoUniversity\Courses.aspx.cs,44,16,T:System.Data.SqlClient.SqlCommand,,,,,"using (SqlCommand cmd = new SqlCommand(query, con))                  {                      SqlParameter param = new SqlParameter();                      param.Direction = ParameterDirection.Input;                      param.DbType = DbType.String;                      param.ParameterName = ""@SearchText"";                      param.Value = prefixText;                        cmd.Parameters.Add(param);                        con.Open();                        using (SqlDataReader dr = cmd.ExecuteReader())                      {                          while (dr.Read())                          {                              name.Add(dr[""CourseName""].ToString());                          }                            dr.Close();                      }                                 }"
Api.0002,Source incompatible for selected .NET version,Active,Potential,1,ContosoUniversity\ContosoUniversity.csproj,File,ContosoUniversity\Courses.aspx.cs,44,16,"M:System.Data.SqlClient.SqlCommand.#ctor(System.String,System.Data.SqlClient.SqlConnection)",,,,,"using (SqlCommand cmd = new SqlCommand(query, con))                  {                      SqlParameter param = new SqlParameter();                      param.Direction = ParameterDirection.Input;                      param.DbType = DbType.String;                      param.ParameterName = ""@SearchText"";                      param.Value = prefixText;                        cmd.Parameters.Add(param);                        con.Open();                        using (SqlDataReader dr = cmd.ExecuteReader())                      {                          while (dr.Read())                          {                              name.Add(dr[""CourseName""].ToString());                          }                            dr.Close();                      }                                 }"
Api.0002,Source incompatible for selected .NET version,Active,Potential,1,ContosoUniversity\ContosoUniversity.csproj,File,ContosoUniversity\Courses.aspx.cs,42,12,T:System.Data.SqlClient.SqlConnection,,,,,"using (SqlConnection con = new SqlConnection(connectionStr))              {                  using (SqlCommand cmd = new SqlCommand(query, con))                  {                      SqlParameter param = new SqlParameter();                      param.Direction = ParameterDirection.Input;                      param.DbType = DbType.String;                      param.ParameterName = ""@SearchText"";                      param.Value = prefixText;                        cmd.Parameters.Add(param);                        con.Open();                        using (SqlDataReader dr = cmd.ExecuteReader())                      {                          while (dr.Read())                          {                              name.Add(dr[""CourseName""].ToString());                          }                            dr.Close();                      }                                 }                    con.Close();              }"
Api.0002,Source incompatible for selected .NET version,Active,Potential,1,ContosoUniversity\ContosoUniversity.csproj,File,ContosoUniversity\Courses.aspx.cs,42,12,M:System.Data.SqlClient.SqlConnection.#ctor(System.String),,,,,"using (SqlConnection con = new SqlConnection(connectionStr))              {                  using (SqlCommand cmd = new SqlCommand(query, con))                  {                      SqlParameter param = new SqlParameter();                      param.Direction = ParameterDirection.Input;                      param.DbType = DbType.String;                      param.ParameterName = ""@SearchText"";                      param.Value = prefixText;                        cmd.Parameters.Add(param);                        con.Open();                        using (SqlDataReader dr = cmd.ExecuteReader())                      {                          while (dr.Read())                          {                              name.Add(dr[""CourseName""].ToString());                          }                            dr.Close();                      }                                 }                    con.Close();              }"
Api.0002,Source incompatible for selected .NET version,Active,Potential,1,ContosoUniversity\ContosoUniversity.csproj,File,ContosoUniversity\Courses.aspx.cs,40,12,T:System.Configuration.ConfigurationManager,,,,,"string connectionStr = ConfigurationManager.ConnectionStrings[""ContosoUniversity""].ConnectionString;"
Api.0002,Source incompatible for selected .NET version,Active,Potential,1,ContosoUniversity\ContosoUniversity.csproj,File,ContosoUniversity\Courses.aspx.cs,40,12,T:System.Configuration.ConnectionStringSettingsCollection,,,,,"string connectionStr = ConfigurationManager.ConnectionStrings[""ContosoUniversity""].ConnectionString;"
Api.0002,Source incompatible for selected .NET version,Active,Potential,1,ContosoUniversity\ContosoUniversity.csproj,File,ContosoUniversity\Courses.aspx.cs,40,12,P:System.Configuration.ConfigurationManager.ConnectionStrings,,,,,"string connectionStr = ConfigurationManager.ConnectionStrings[""ContosoUniversity""].ConnectionString;"
Api.0002,Source incompatible for selected .NET version,Active,Potential,1,ContosoUniversity\ContosoUniversity.csproj,File,ContosoUniversity\Courses.aspx.cs,40,12,T:System.Configuration.ConnectionStringSettings,,,,,"string connectionStr = ConfigurationManager.ConnectionStrings[""ContosoUniversity""].ConnectionString;"
Api.0002,Source incompatible for selected .NET version,Active,Potential,1,ContosoUniversity\ContosoUniversity.csproj,File,ContosoUniversity\Courses.aspx.cs,40,12,P:System.Configuration.ConnectionStringSettingsCollection.Item(System.String),,,,,"string connectionStr = ConfigurationManager.ConnectionStrings[""ContosoUniversity""].ConnectionString;"
Api.0002,Source incompatible for selected .NET version,Active,Potential,1,ContosoUniversity\ContosoUniversity.csproj,File,ContosoUniversity\Courses.aspx.cs,40,12,P:System.Configuration.ConnectionStringSettings.ConnectionString,,,,,"string connectionStr = ConfigurationManager.ConnectionStrings[""ContosoUniversity""].ConnectionString;"
Api.0001,Binary incompatible for selected .NET version,Active,Mandatory,1,ContosoUniversity\ContosoUniversity.csproj,File,ContosoUniversity\Courses.aspx.cs,27,20,T:System.Web.UI.WebControls.DropDownList,,,,,this.drpDepartments.Items.Add(dep.DepartmentName);
Api.0001,Binary incompatible for selected .NET version,Active,Mandatory,1,ContosoUniversity\ContosoUniversity.csproj,File,ContosoUniversity\Courses.aspx.cs,27,20,T:System.Web.UI.WebControls.ListItemCollection,,,,,this.drpDepartments.Items.Add(dep.DepartmentName);
Api.0001,Binary incompatible for selected .NET version,Active,Mandatory,1,ContosoUniversity\ContosoUniversity.csproj,File,ContosoUniversity\Courses.aspx.cs,27,20,P:System.Web.UI.WebControls.ListControl.Items,,,,,this.drpDepartments.Items.Add(dep.DepartmentName);
Api.0001,Binary incompatible for selected .NET version,Active,Mandatory,1,ContosoUniversity\ContosoUniversity.csproj,File,ContosoUniversity\Courses.aspx.cs,27,20,M:System.Web.UI.WebControls.ListItemCollection.Add(System.String),,,,,this.drpDepartments.Items.Add(dep.DepartmentName);
Api.0001,Binary incompatible for selected .NET version,Active,Mandatory,1,ContosoUniversity\ContosoUniversity.csproj,File,ContosoUniversity\Courses.aspx.cs,23,12,P:System.Web.UI.Page.IsPostBack,,,,,if (!IsPostBack)              {                  foreach (var dep in new ContosoUniversityEntities().Departments)                  {                      this.drpDepartments.Items.Add(dep.DepartmentName);                  }              }
Api.0001,Binary incompatible for selected .NET version,Active,Mandatory,1,ContosoUniversity\ContosoUniversity.csproj,File,ContosoUniversity\Courses.aspx.cs,15,49,M:System.Web.UI.Page.#ctor,,,,,Page
Api.0001,Binary incompatible for selected .NET version,Active,Mandatory,1,ContosoUniversity\ContosoUniversity.csproj,File,ContosoUniversity\Courses.aspx.cs,15,49,T:System.Web.UI.Page,,,,,Page
Api.0001,Binary incompatible for selected .NET version,Active,Mandatory,1,ContosoUniversity\ContosoUniversity.csproj,File,ContosoUniversity\About.aspx.designer.cs,21,61,T:System.Web.UI.WebControls.GridView,,,,,EnrollmentsStat
Api.0001,Binary incompatible for selected .NET version,Active,Mandatory,1,ContosoUniversity\ContosoUniversity.csproj,File,ContosoUniversity\About.aspx.cs,13,47,M:System.Web.UI.Page.#ctor,,,,,Page
Api.0001,Binary incompatible for selected .NET version,Active,Mandatory,1,ContosoUniversity\ContosoUniversity.csproj,File,ContosoUniversity\About.aspx.cs,13,47,T:System.Web.UI.Page,,,,,Page
